Date,Adj Close
10-05-2007,21.10000038
11-05-2007,21.85000038
14-05-2007,22.29999924
15-05-2007,21
16-05-2007,22.94000053
17-05-2007,23.01000023
18-05-2007,22.98999977
21-05-2007,23.64999962
22-05-2007,23.95000076
23-05-2007,23.89999962
24-05-2007,23.04999924
25-05-2007,23.51000023
29-05-2007,23.23999977
30-05-2007,22.88999939
31-05-2007,22.89999962
01-06-2007,23.04000092
04-06-2007,23.29999924
05-06-2007,23.40999985
06-06-2007,23.11000061
07-06-2007,22.77000046
08-06-2007,22.42000008
11-06-2007,22.72999954
12-06-2007,22.62999916
13-06-2007,23.29999924
14-06-2007,23.72999954
15-06-2007,24.70999908
18-06-2007,26
19-06-2007,25.51000023
20-06-2007,25.34000015
21-06-2007,24.90999985
22-06-2007,24.20999908
25-06-2007,24.60000038
26-06-2007,23.93000031
27-06-2007,24.65999985
28-06-2007,24.56999969
29-06-2007,24.80999947
02-07-2007,25.37999916
03-07-2007,25.69000053
05-07-2007,26.35000038
06-07-2007,26.71999931
09-07-2007,26.68000031
10-07-2007,26.5
11-07-2007,26.76000023
12-07-2007,26.95000076
13-07-2007,28.17000008
16-07-2007,27.76000023
17-07-2007,27.72999954
18-07-2007,27.25
19-07-2007,27.78000069
20-07-2007,27.25
23-07-2007,27.37999916
24-07-2007,26.51000023
25-07-2007,25.64999962
26-07-2007,25.23999977
27-07-2007,25.28000069
30-07-2007,26.03000069
31-07-2007,25.95000076
01-08-2007,25.29999924
02-08-2007,26.39999962
03-08-2007,27
06-08-2007,26.44000053
07-08-2007,26.86000061
08-08-2007,27.04999924
09-08-2007,26.07999992
10-08-2007,25.10000038
13-08-2007,25.14999962
14-08-2007,24.76000023
15-08-2007,24.75
16-08-2007,24.39999962
17-08-2007,24.43000031
20-08-2007,25
21-08-2007,26.13999939
22-08-2007,27.11000061
23-08-2007,27.29999924
24-08-2007,27.36000061
27-08-2007,27.18000031
28-08-2007,26.19000053
29-08-2007,26.51000023
30-08-2007,26.63999939
31-08-2007,26.87000084
04-09-2007,27
05-09-2007,27.01000023
06-09-2007,27
07-09-2007,26.79000092
10-09-2007,26.86000061
11-09-2007,27.30999947
12-09-2007,27.79999924
13-09-2007,27.89999962
14-09-2007,27.95999908
17-09-2007,29.05999947
18-09-2007,30.22999954
19-09-2007,30.80999947
20-09-2007,29.94000053
21-09-2007,30.46999931
24-09-2007,30.19000053
25-09-2007,31
26-09-2007,33.04000092
27-09-2007,35.93999863
28-09-2007,34.93000031
01-10-2007,36.04000092
02-10-2007,37.25
03-10-2007,35.68999863
04-10-2007,33.90999985
05-10-2007,34.86999893
08-10-2007,34.40000153
09-10-2007,35.43999863
10-10-2007,36.56999969
11-10-2007,36.13000107
12-10-2007,36.33000183
15-10-2007,36.66999817
16-10-2007,35.58000183
17-10-2007,36.75
18-10-2007,35.16999817
19-10-2007,33.68000031
22-10-2007,32.38000107
23-10-2007,34.00999832
24-10-2007,33.15000153
25-10-2007,33.29999924
26-10-2007,33.81999969
29-10-2007,34.79999924
30-10-2007,34.84000015
31-10-2007,33.77000046
01-11-2007,32.20000076
02-11-2007,31.73999977
05-11-2007,32.15000153
06-11-2007,32.63999939
07-11-2007,32.27999878
08-11-2007,31.17000008
09-11-2007,30.11000061
12-11-2007,28.82999992
13-11-2007,29.35000038
14-11-2007,30.03000069
15-11-2007,29.54999924
16-11-2007,30.01000023
19-11-2007,29.62999916
20-11-2007,29.84000015
21-11-2007,29.96999931
23-11-2007,30.36000061
26-11-2007,30.98999977
27-11-2007,27.13999939
28-11-2007,27.54999924
29-11-2007,26.79999924
30-11-2007,26.59000015
03-12-2007,26.46999931
04-12-2007,27.44000053
05-12-2007,28.35000038
06-12-2007,29
07-12-2007,29.06999969
10-12-2007,29.11000061
11-12-2007,28.09000015
12-12-2007,28.31999969
13-12-2007,28.48999977
14-12-2007,28.03000069
17-12-2007,27.10000038
18-12-2007,27.14999962
19-12-2007,27.47999954
20-12-2007,28.09000015
21-12-2007,28.22999954
24-12-2007,28.85000038
26-12-2007,29.06999969
27-12-2007,28.31999969
28-12-2007,29.40999985
31-12-2007,28.56999969
02-01-2008,27.48999977
03-01-2008,26.97999954
04-01-2008,25.76000023
07-01-2008,24.93000031
08-01-2008,25.01000023
09-01-2008,25.67000008
10-01-2008,25.75
11-01-2008,25.46999931
14-01-2008,25.20999908
15-01-2008,24.86000061
16-01-2008,24.67000008
17-01-2008,24.13999939
18-01-2008,24.17000008
22-01-2008,23.89999962
23-01-2008,24.51000023
24-01-2008,23.77000046
25-01-2008,23.01000023
28-01-2008,23.89999962
29-01-2008,24.46999931
30-01-2008,23.70999908
31-01-2008,24.55999947
01-02-2008,25.30999947
04-02-2008,25.88999939
05-02-2008,24.56999969
06-02-2008,24.87000084
07-02-2008,25
08-02-2008,25.45999908
11-02-2008,25.89999962
12-02-2008,26.81999969
13-02-2008,28.22999954
14-02-2008,27.93000031
15-02-2008,28.37999916
19-02-2008,28.23999977
20-02-2008,28.39999962
21-02-2008,29.01000023
22-02-2008,29.5
25-02-2008,29.95000076
26-02-2008,29.82999992
27-02-2008,27.06999969
28-02-2008,27
29-02-2008,25.92000008
03-03-2008,26.46999931
04-03-2008,26.52000046
05-03-2008,26.68000031
06-03-2008,25.64999962
07-03-2008,25.37999916
10-03-2008,24.22999954
11-03-2008,25.09000015
12-03-2008,24.82999992
13-03-2008,25.30999947
14-03-2008,24.26000023
17-03-2008,23.05999947
18-03-2008,24.57999992
19-03-2008,23.62000084
20-03-2008,23.79999924
24-03-2008,24.79999924
25-03-2008,24.95000076
26-03-2008,24.69000053
27-03-2008,25.79000092
28-03-2008,25.87000084
31-03-2008,26.01000023
01-04-2008,26.79999924
02-04-2008,27.5
03-04-2008,27.73999977
04-04-2008,27.70999908
07-04-2008,26.92000008
08-04-2008,26.29999924
09-04-2008,25.92000008
10-04-2008,26.57999992
11-04-2008,25.54999924
14-04-2008,25.30999947
15-04-2008,25.52000046
16-04-2008,26.76000023
17-04-2008,26.80999947
18-04-2008,27.54999924
21-04-2008,27.68000031
22-04-2008,27.02000046
23-04-2008,26.69000053
24-04-2008,27.35000038
25-04-2008,27.10000038
28-04-2008,26.87999916
29-04-2008,26.85000038
30-04-2008,27.45999908
01-05-2008,28.40999985
02-05-2008,28.88999939
05-05-2008,28.75
06-05-2008,28.88999939
07-05-2008,28.89999962
08-05-2008,29.75
09-05-2008,29.59000015
12-05-2008,29.79999924
13-05-2008,29.95999908
14-05-2008,29.85000038
15-05-2008,29.88999939
16-05-2008,30.20000076
19-05-2008,31.31999969
20-05-2008,31.94000053
21-05-2008,31.14999962
22-05-2008,31.03000069
23-05-2008,30.39999962
27-05-2008,30.62000084
28-05-2008,30.95999908
29-05-2008,31.12999916
30-05-2008,32.20999908
02-06-2008,31.69000053
03-06-2008,31.62999916
04-06-2008,31.57999992
05-06-2008,32.25
06-06-2008,31.63999939
09-06-2008,31.5
10-06-2008,31.27000046
11-06-2008,30.68000031
12-06-2008,31.39999962
13-06-2008,32.79000092
16-06-2008,34
17-06-2008,34.13000107
18-06-2008,32.52000046
19-06-2008,31.79999924
20-06-2008,31.04999924
23-06-2008,31.06999969
24-06-2008,31.57999992
25-06-2008,31.95000076
26-06-2008,31.44000053
27-06-2008,33.13000107
30-06-2008,32.52999878
01-07-2008,33.18000031
02-07-2008,32.11000061
03-07-2008,31.09000015
07-07-2008,29.88999939
08-07-2008,30.57999992
09-07-2008,30.19000053
10-07-2008,30
11-07-2008,29.75
14-07-2008,29.94000053
15-07-2008,29.48999977
16-07-2008,29.94000053
17-07-2008,29.36000061
18-07-2008,29.13999939
21-07-2008,29.56999969
22-07-2008,29.30999947
23-07-2008,29.31999969
24-07-2008,27.90999985
25-07-2008,28.10000038
28-07-2008,27.70999908
29-07-2008,27.87999916
30-07-2008,28.89999962
31-07-2008,28.46999931
01-08-2008,28.20000076
04-08-2008,27.56999969
05-08-2008,28.05999947
06-08-2008,28.81999969
07-08-2008,29.86000061
08-08-2008,30.67000008
11-08-2008,30.51000023
12-08-2008,31.36000061
13-08-2008,31.77000046
14-08-2008,32.11999893
15-08-2008,31.85000038
18-08-2008,31.70000076
19-08-2008,31.39999962
20-08-2008,31.80999947
21-08-2008,31.69000053
22-08-2008,31.79999924
25-08-2008,30.5
26-08-2008,30.98999977
27-08-2008,31.23999977
28-08-2008,31.22999954
29-08-2008,31.95999908
02-09-2008,30.87999916
03-09-2008,29.54999924
04-09-2008,27.81999969
05-09-2008,28.03000069
08-09-2008,27.96999931
09-09-2008,24.06999969
10-09-2008,25.59000015
11-09-2008,24.72999954
12-09-2008,25.69000053
15-09-2008,24.54000092
16-09-2008,24.63999939
17-09-2008,23.72999954
18-09-2008,25.12000084
19-09-2008,27.28000069
22-09-2008,26.36000061
23-09-2008,25.13999939
24-09-2008,24.87999916
25-09-2008,24.68000031
26-09-2008,24.45999908
29-09-2008,23.21999931
30-09-2008,24.44000053
01-10-2008,23.22999954
02-10-2008,20.46999931
03-10-2008,19.79000092
06-10-2008,18.54999924
07-10-2008,19.12000084
08-10-2008,18.18000031
09-10-2008,17.20999908
10-10-2008,16.37000084
13-10-2008,18.59000015
14-10-2008,18.94000053
15-10-2008,16.37999916
16-10-2008,17.51000023
17-10-2008,17.72999954
20-10-2008,19.25
21-10-2008,18.75
22-10-2008,17.19000053
23-10-2008,15.69999981
24-10-2008,15.39000034
27-10-2008,15.22000027
28-10-2008,16.36000061
29-10-2008,17.37999916
30-10-2008,17.89999962
31-10-2008,17.62999916
03-11-2008,17.65999985
04-11-2008,19.38999939
05-11-2008,17.30999947
06-11-2008,16.31999969
07-11-2008,16.87999916
10-11-2008,17.30999947
11-11-2008,17.60000038
12-11-2008,18.78000069
13-11-2008,21.51000023
14-11-2008,19.80999947
17-11-2008,19.34000015
18-11-2008,19.60000038
19-11-2008,20.77000046
20-11-2008,20.47999954
21-11-2008,21.10000038
24-11-2008,24.64999962
25-11-2008,26.77000046
26-11-2008,26.78000069
28-11-2008,26.48999977
01-12-2008,23.94000053
02-12-2008,25.62000084
03-12-2008,26.19000053
04-12-2008,25.29000092
05-12-2008,27.59000015
08-12-2008,30.5
09-12-2008,29.39999962
10-12-2008,29.22999954
11-12-2008,28.64999962
12-12-2008,28.69000053
15-12-2008,25.94000053
16-12-2008,29.04999924
17-12-2008,30
18-12-2008,29.51000023
19-12-2008,29.20000076
22-12-2008,28.12000084
23-12-2008,28.71999931
24-12-2008,28.72999954
26-12-2008,30.12999916
29-12-2008,29.20000076
30-12-2008,28
31-12-2008,30.72999954
02-01-2009,32.34000015
05-01-2009,31.43000031
06-01-2009,30.68000031
07-01-2009,28.59000015
08-01-2009,29.15999985
09-01-2009,29.60000038
12-01-2009,27.42000008
13-01-2009,28.03000069
14-01-2009,24.44000053
15-01-2009,25.10000038
16-01-2009,26.60000038
20-01-2009,25.01000023
21-01-2009,26.39999962
22-01-2009,25
23-01-2009,25.63999939
26-01-2009,26.36000061
27-01-2009,26.75
28-01-2009,27.51000023
29-01-2009,25.96999931
30-01-2009,25.30999947
02-02-2009,24.34000015
03-02-2009,25.04999924
04-02-2009,25.32999992
05-02-2009,25.46999931
06-02-2009,26.69000053
09-02-2009,27.29999924
10-02-2009,27.35000038
11-02-2009,26.67000008
12-02-2009,26.18000031
13-02-2009,25.59000015
17-02-2009,22.59000015
18-02-2009,21.81999969
19-02-2009,21.88999939
20-02-2009,22
23-02-2009,21.68000031
24-02-2009,22.62999916
25-02-2009,24.55999947
26-02-2009,24.48999977
27-02-2009,24.53000069
02-03-2009,22.60000038
03-03-2009,20.29999924
04-03-2009,21.31999969
05-03-2009,21.01000023
06-03-2009,21.17000008
09-03-2009,21.77000046
10-03-2009,23.93000031
11-03-2009,24
12-03-2009,25.09000015
13-03-2009,25.76000023
16-03-2009,24.80999947
17-03-2009,26.12000084
18-03-2009,25.71999931
19-03-2009,25.04000092
20-03-2009,24.51000023
23-03-2009,26
24-03-2009,25.62000084
25-03-2009,26.27000046
26-03-2009,27.20000076
27-03-2009,26.54999924
30-03-2009,25.47999954
31-03-2009,26.07999992
01-04-2009,26.48999977
02-04-2009,27.64999962
03-04-2009,28.57999992
06-04-2009,27.92000008
07-04-2009,26.85000038
08-04-2009,26.46999931
09-04-2009,28.32999992
13-04-2009,28
14-04-2009,26.98999977
15-04-2009,27.38999939
16-04-2009,27.75
17-04-2009,27.20999908
20-04-2009,26.34000015
21-04-2009,27.44000053
22-04-2009,26.76000023
23-04-2009,25.44000053
24-04-2009,25.47999954
27-04-2009,25.20000076
28-04-2009,25.61000061
29-04-2009,25.75
30-04-2009,25.72999954
01-05-2009,25.20999908
04-05-2009,26.63999939
05-05-2009,27.59000015
06-05-2009,28.23999977
07-05-2009,29.59000015
08-05-2009,31.03000069
11-05-2009,30.15999985
12-05-2009,30.27000046
13-05-2009,29.34000015
14-05-2009,29.63999939
15-05-2009,29.79000092
18-05-2009,30.55999947
19-05-2009,30.55999947
20-05-2009,29.59000015
21-05-2009,29.21999931
22-05-2009,29.23999977
26-05-2009,30.98999977
27-05-2009,30.97999954
28-05-2009,31.59000015
29-05-2009,31.90999985
01-06-2009,31.18000031
02-06-2009,31.47999954
03-06-2009,30.53000069
04-06-2009,30.73999977
05-06-2009,30.89999962
08-06-2009,30.34000015
09-06-2009,30.20000076
10-06-2009,30.70999908
11-06-2009,31.09000015
12-06-2009,30.67000008
15-06-2009,29.84000015
16-06-2009,29.20000076
17-06-2009,29.05999947
18-06-2009,29.78000069
19-06-2009,30.37999916
22-06-2009,29.06999969
23-06-2009,28.54000092
24-06-2009,29
25-06-2009,29.37999916
26-06-2009,29.23999977
29-06-2009,32
30-06-2009,32
01-07-2009,31.35000038
02-07-2009,29.68000031
06-07-2009,29.79999924
07-07-2009,29.13999939
08-07-2009,29.57999992
09-07-2009,30.37999916
10-07-2009,30.65999985
13-07-2009,30.79999924
14-07-2009,30.54999924
15-07-2009,31.10000038
16-07-2009,31.37000084
17-07-2009,31.54999924
20-07-2009,32.04000092
21-07-2009,31.90999985
22-07-2009,32.20000076
23-07-2009,32.90999985
24-07-2009,32.99000168
27-07-2009,32.68999863
28-07-2009,32.16999817
29-07-2009,31.95999908
30-07-2009,32.20999908
31-07-2009,32.40000153
03-08-2009,32.34999847
04-08-2009,31.57999992
05-08-2009,31.80999947
06-08-2009,29.51000023
07-08-2009,31.39999962
10-08-2009,30.45999908
11-08-2009,30.29000092
12-08-2009,30.04999924
13-08-2009,29.56999969
14-08-2009,28.73999977
17-08-2009,28.05999947
18-08-2009,28.04999924
19-08-2009,28.61000061
20-08-2009,28.75
21-08-2009,28.18000031
24-08-2009,27.61000061
25-08-2009,27.73999977
26-08-2009,28.42000008
27-08-2009,28.28000069
28-08-2009,27.80999947
31-08-2009,27.40999985
01-09-2009,27.23999977
02-09-2009,27.21999931
03-09-2009,28.01000023
04-09-2009,28.21999931
08-09-2009,28.63999939
09-09-2009,28.23999977
10-09-2009,28.29999924
11-09-2009,27.93000031
14-09-2009,28.13999939
15-09-2009,27.84000015
16-09-2009,28.29999924
17-09-2009,28.79999924
18-09-2009,28.79000092
21-09-2009,27.75
22-09-2009,27.73999977
23-09-2009,27.35000038
24-09-2009,26.94000053
25-09-2009,26.20000076
28-09-2009,26.61000061
29-09-2009,27.54999924
30-09-2009,27.13999939
01-10-2009,26.64999962
02-10-2009,26.32999992
05-10-2009,26.38999939
06-10-2009,26.03000069
07-10-2009,26.02000046
08-10-2009,26.37999916
09-10-2009,26.22999954
12-10-2009,26
13-10-2009,25.64999962
14-10-2009,25.67000008
15-10-2009,26.05999947
16-10-2009,25.87999916
19-10-2009,26.18000031
20-10-2009,25.85000038
21-10-2009,25.64999962
22-10-2009,25.69000053
23-10-2009,25.57999992
26-10-2009,26.85000038
27-10-2009,26.48999977
28-10-2009,25.79999924
29-10-2009,26.29000092
30-10-2009,25.23999977
02-11-2009,25.37000084
03-11-2009,25.11000061
04-11-2009,25.38999939
05-11-2009,25.89999962
06-11-2009,25.27000046
09-11-2009,25.43000031
10-11-2009,25.27000046
11-11-2009,25.46999931
12-11-2009,26.71999931
13-11-2009,28.01000023
16-11-2009,28.44000053
17-11-2009,28.04000092
18-11-2009,28.04999924
19-11-2009,27.18000031
20-11-2009,27.07999992
23-11-2009,27.44000053
24-11-2009,26.96999931
25-11-2009,26.46999931
27-11-2009,25.48999977
30-11-2009,25.39999962
01-12-2009,24.98999977
02-12-2009,24.45000076
03-12-2009,24.54000092
04-12-2009,24.59000015
07-12-2009,24.62999916
08-12-2009,24.30999947
09-12-2009,24.73999977
10-12-2009,25.12999916
11-12-2009,25.15999985
14-12-2009,26.21999931
15-12-2009,26.98999977
16-12-2009,26.86000061
17-12-2009,26.81999969
18-12-2009,27.20000076
21-12-2009,27.42000008
22-12-2009,27.61000061
23-12-2009,27.95999908
24-12-2009,28.02000046
28-12-2009,28.40999985
29-12-2009,28.14999962
30-12-2009,27.75
31-12-2009,27.5
04-01-2010,28.14999962
05-01-2010,28.45999908
06-01-2010,29.19000053
07-01-2010,30.17000008
08-01-2010,30.47999954
11-01-2010,29.98999977
12-01-2010,29.62000084
13-01-2010,29.69000053
14-01-2010,29.42000008
15-01-2010,28.89999962
19-01-2010,28.98999977
20-01-2010,28.70999908
21-01-2010,28.40999985
22-01-2010,28.07999992
25-01-2010,28.23999977
26-01-2010,28.17000008
27-01-2010,27.97999954
28-01-2010,27.38999939
29-01-2010,26.96999931
01-02-2010,26.82999992
02-02-2010,27.20000076
03-02-2010,26.95000076
04-02-2010,25.92000008
05-02-2010,25.45000076
08-02-2010,25.79999924
09-02-2010,27.46999931
10-02-2010,27.30999947
11-02-2010,27.30999947
12-02-2010,27.43000031
16-02-2010,27.37000084
17-02-2010,27.54000092
18-02-2010,27.62000084
19-02-2010,27.65999985
22-02-2010,27.20000076
23-02-2010,26.81999969
24-02-2010,27.06999969
25-02-2010,27.28000069
26-02-2010,27.10000038
01-03-2010,27.29000092
02-03-2010,27.20000076
03-03-2010,28.04000092
04-03-2010,28.14999962
05-03-2010,28.67000008
08-03-2010,28.32999992
09-03-2010,28.25
10-03-2010,28.36000061
11-03-2010,28.29000092
12-03-2010,28.32999992
15-03-2010,28.12999916
16-03-2010,28.37999916
17-03-2010,28.79000092
18-03-2010,28.56999969
19-03-2010,29.35000038
22-03-2010,29.51000023
23-03-2010,29.78000069
24-03-2010,29.53000069
25-03-2010,29.45000076
26-03-2010,29.38999939
29-03-2010,29.09000015
30-03-2010,28.67000008
31-03-2010,28.37000084
01-04-2010,29.26000023
05-04-2010,29.29000092
06-04-2010,29.22999954
07-04-2010,28.69000053
08-04-2010,28.62000084
09-04-2010,28.75
12-04-2010,29.10000038
13-04-2010,29.47999954
14-04-2010,29.5
15-04-2010,29.5
16-04-2010,29.04999924
19-04-2010,28.87000084
20-04-2010,29.56999969
21-04-2010,29.95999908
22-04-2010,30.72999954
23-04-2010,30.71999931
26-04-2010,30.62000084
27-04-2010,30.01000023
28-04-2010,29.98999977
29-04-2010,30.55999947
30-04-2010,30.06999969
03-05-2010,30.45000076
04-05-2010,29.53000069
05-05-2010,29.30999947
06-05-2010,27.98999977
07-05-2010,26.39999962
10-05-2010,27.37999916
11-05-2010,27.37999916
12-05-2010,28.12999916
13-05-2010,27.93000031
14-05-2010,26.84000015
17-05-2010,26.77000046
18-05-2010,26.54999924
19-05-2010,26.20999908
20-05-2010,24.92000008
21-05-2010,25.56999969
24-05-2010,24.94000053
25-05-2010,24.85000038
26-05-2010,24.39999962
27-05-2010,25.65999985
28-05-2010,25.37999916
01-06-2010,24.55999947
02-06-2010,25.06999969
03-06-2010,25.29000092
04-06-2010,24.62000084
07-06-2010,23.70999908
08-06-2010,23.45999908
09-06-2010,23.81999969
10-06-2010,24.48999977
11-06-2010,24.60000038
14-06-2010,24.54000092
15-06-2010,25.35000038
16-06-2010,25.37999916
17-06-2010,25.34000015
18-06-2010,25.26000023
21-06-2010,24.95000076
22-06-2010,24.23999977
23-06-2010,24.36000061
24-06-2010,23.72999954
25-06-2010,23.78000069
28-06-2010,23.82999992
29-06-2010,22.94000053
30-06-2010,23.05999947
01-07-2010,22.02000046
02-07-2010,22.10000038
06-07-2010,22.14999962
07-07-2010,22.62000084
08-07-2010,23.21999931
09-07-2010,23.73999977
12-07-2010,23.52000046
13-07-2010,24.34000015
14-07-2010,24.17000008
15-07-2010,24.26000023
16-07-2010,23.27000046
19-07-2010,23.21999931
20-07-2010,23.88999939
21-07-2010,23.37000084
22-07-2010,24.56999969
23-07-2010,24.86000061
26-07-2010,25.39999962
27-07-2010,25.29999924
28-07-2010,24.87000084
29-07-2010,24.37999916
30-07-2010,24.13999939
02-08-2010,25.19000053
03-08-2010,25.14999962
04-08-2010,25.21999931
05-08-2010,25.10000038
06-08-2010,25.37000084
09-08-2010,26.37000084
10-08-2010,25.77000046
11-08-2010,24.15999985
12-08-2010,23.71999931
13-08-2010,23.89999962
16-08-2010,23.55999947
17-08-2010,23.84000015
18-08-2010,23.87000084
19-08-2010,23.5
20-08-2010,23.29999924
23-08-2010,22.88999939
24-08-2010,22.32999992
25-08-2010,22.75
26-08-2010,22.67000008
27-08-2010,22.96999931
30-08-2010,22.46999931
31-08-2010,22.5
01-09-2010,23.10000038
02-09-2010,23.14999962
03-09-2010,23.28000069
07-09-2010,23.78000069
08-09-2010,23.77000046
09-09-2010,24.09000015
10-09-2010,23.96999931
13-09-2010,24.46999931
14-09-2010,24.44000053
15-09-2010,24.42000008
16-09-2010,24.23999977
17-09-2010,24.32999992
20-09-2010,24.65999985
21-09-2010,24.77000046
22-09-2010,24.37999916
23-09-2010,24.12999916
24-09-2010,24.53000069
27-09-2010,24.42000008
28-09-2010,24.88999939
29-09-2010,24.38999939
30-09-2010,24.26000023
01-10-2010,24.29999924
04-10-2010,23.92000008
05-10-2010,24.37000084
06-10-2010,24.26000023
07-10-2010,24.30999947
08-10-2010,24.39999962
11-10-2010,25.06999969
12-10-2010,25.04999924
13-10-2010,25.55999947
14-10-2010,25.35000038
15-10-2010,25.61000061
18-10-2010,25.87999916
19-10-2010,25.45999908
20-10-2010,25.70000076
21-10-2010,25.63999939
22-10-2010,25.84000015
25-10-2010,26.28000069
26-10-2010,26.36000061
27-10-2010,26.09000015
28-10-2010,26.14999962
29-10-2010,26.51000023
01-11-2010,26.92000008
02-11-2010,27.12999916
03-11-2010,26.93000031
04-11-2010,27.45000076
05-11-2010,27.82999992
08-11-2010,27.76000023
09-11-2010,27.54000092
10-11-2010,27.95000076
11-11-2010,27.89999962
12-11-2010,27.47999954
15-11-2010,27.42000008
16-11-2010,26.84000015
17-11-2010,26.87999916
18-11-2010,27.14999962
19-11-2010,26.84000015
22-11-2010,26.79999924
23-11-2010,26.14999962
24-11-2010,26.36000061
26-11-2010,26.18000031
29-11-2010,26.14999962
30-11-2010,25.76000023
01-12-2010,26.51000023
02-12-2010,27.20000076
03-12-2010,27.26000023
06-12-2010,27.86000061
07-12-2010,27.39999962
08-12-2010,27.54000092
09-12-2010,27.96999931
10-12-2010,28.04000092
13-12-2010,28.26000023
14-12-2010,28.02000046
15-12-2010,27.71999931
16-12-2010,28.39999962
17-12-2010,28.77000046
20-12-2010,28.12999916
21-12-2010,28.07999992
22-12-2010,28.17000008
23-12-2010,28.04999924
27-12-2010,28.12000084
28-12-2010,27.95999908
29-12-2010,28.02000046
30-12-2010,28.12999916
31-12-2010,27.96999931
03-01-2011,28.31999969
04-01-2011,27.26000023
05-01-2011,27.18000031
06-01-2011,26.80999947
07-01-2011,26.77000046
10-01-2011,26.95000076
11-01-2011,27.28000069
12-01-2011,28
13-01-2011,27.70999908
14-01-2011,27.85000038
18-01-2011,28.04000092
19-01-2011,28.29999924
20-01-2011,28.54000092
21-01-2011,28.62000084
24-01-2011,29.20999908
25-01-2011,29.36000061
26-01-2011,29.86000061
27-01-2011,29.5
28-01-2011,28.80999947
31-01-2011,29.27000046
01-02-2011,29.82999992
02-02-2011,29.28000069
03-02-2011,29.07999992
04-02-2011,28.80999947
07-02-2011,28.70000076
08-02-2011,29.45000076
09-02-2011,28.60000038
10-02-2011,28.60000038
11-02-2011,28.72999954
14-02-2011,29.04000092
15-02-2011,29.40999985
16-02-2011,29.68000031
17-02-2011,29.93000031
18-02-2011,29.87000084
22-02-2011,28.11000061
23-02-2011,27.75
24-02-2011,28
25-02-2011,28.45000076
28-02-2011,28.63999939
01-03-2011,28.20000076
02-03-2011,27.81999969
03-03-2011,28.44000053
04-03-2011,28.06999969
07-03-2011,27.36000061
08-03-2011,27.85000038
09-03-2011,27.97999954
10-03-2011,27.10000038
11-03-2011,27.19000053
14-03-2011,27.29999924
15-03-2011,26.73999977
16-03-2011,26.14999962
17-03-2011,26.34000015
18-03-2011,26.86000061
21-03-2011,27.55999947
22-03-2011,27.18000031
23-03-2011,26.88999939
24-03-2011,27.12000084
25-03-2011,27.06999969
28-03-2011,26.70000076
29-03-2011,26.93000031
30-03-2011,27.55999947
31-03-2011,27.72999954
01-04-2011,27.67000008
04-04-2011,27.44000053
05-04-2011,27.73999977
06-04-2011,27.86000061
07-04-2011,27.67000008
08-04-2011,26.76000023
11-04-2011,26.37000084
12-04-2011,26.07999992
13-04-2011,26.03000069
14-04-2011,25.89999962
15-04-2011,26.12999916
18-04-2011,25.90999985
19-04-2011,25.81999969
20-04-2011,26.52000046
21-04-2011,26.94000053
25-04-2011,26.89999962
26-04-2011,26.80999947
27-04-2011,26.95999908
28-04-2011,26.77000046
29-04-2011,27.26000023
02-05-2011,27.31999969
03-05-2011,27.42000008
04-05-2011,26.75
05-05-2011,28.03000069
06-05-2011,27.79999924
09-05-2011,28.07999992
10-05-2011,28.46999931
11-05-2011,28.35000038
12-05-2011,28.45000076
13-05-2011,28.18000031
16-05-2011,27.88999939
17-05-2011,27.90999985
18-05-2011,27.77000046
19-05-2011,28.02000046
20-05-2011,27.77000046
23-05-2011,27.43000031
24-05-2011,27.23999977
25-05-2011,27.57999992
26-05-2011,27.87000084
27-05-2011,28.10000038
31-05-2011,28.67000008
01-06-2011,27.87000084
02-06-2011,28.09000015
03-06-2011,27.5
06-06-2011,27.34000015
07-06-2011,27.51000023
08-06-2011,27.51000023
09-06-2011,27.62000084
10-06-2011,27.26000023
13-06-2011,27.34000015
14-06-2011,27.97999954
15-06-2011,27.46999931
16-06-2011,27.52000046
17-06-2011,27.47999954
20-06-2011,26.87999916
21-06-2011,27.05999947
22-06-2011,27.29000092
23-06-2011,26.87000084
24-06-2011,26.39999962
27-06-2011,26.38999939
28-06-2011,26.93000031
29-06-2011,26.97999954
30-06-2011,27.34000015
01-07-2011,27.62000084
05-07-2011,27.51000023
06-07-2011,27.72999954
07-07-2011,28.18000031
08-07-2011,27.88999939
11-07-2011,27.01000023
12-07-2011,26.62000084
13-07-2011,26.48999977
14-07-2011,26.13999939
15-07-2011,26.30999947
18-07-2011,25.95999908
19-07-2011,26.32999992
20-07-2011,26.18000031
21-07-2011,26.54999924
22-07-2011,26.51000023
25-07-2011,26.46999931
26-07-2011,26.03000069
27-07-2011,25.22999954
28-07-2011,25.11000061
29-07-2011,24.73999977
01-08-2011,24.42000008
02-08-2011,23.57999992
03-08-2011,23.71999931
04-08-2011,21.38999939
05-08-2011,20.35000038
08-08-2011,18.09000015
09-08-2011,19.14999962
10-08-2011,19.17000008
11-08-2011,19.43000031
12-08-2011,19.44000053
15-08-2011,19.94000053
16-08-2011,19.52000046
17-08-2011,20.12999916
18-08-2011,18.81999969
19-08-2011,18.63999939
22-08-2011,18.97999954
23-08-2011,20.03000069
24-08-2011,21.01000023
25-08-2011,20.61000061
26-08-2011,21.21999931
29-08-2011,22.29999924
30-08-2011,22.51000023
31-08-2011,22.71999931
01-09-2011,21.92000008
02-09-2011,21.09000015
06-09-2011,21.09000015
07-09-2011,21.94000053
08-09-2011,21.52000046
09-09-2011,20.64999962
12-09-2011,20.72999954
13-09-2011,21.15999985
14-09-2011,21.48999977
15-09-2011,21.38999939
16-09-2011,20.71999931
19-09-2011,20.04000092
20-09-2011,19.37999916
21-09-2011,18.60000038
22-09-2011,17.88999939
23-09-2011,18.05999947
26-09-2011,18.09000015
27-09-2011,18.37999916
28-09-2011,17.84000015
29-09-2011,18.18000031
30-09-2011,17.67000008
03-10-2011,16.84000015
04-10-2011,17.37000084
05-10-2011,18.14999962
06-10-2011,18.76000023
07-10-2011,18.04000092
10-10-2011,18.89999962
11-10-2011,18.90999985
12-10-2011,19.46999931
13-10-2011,19.38999939
14-10-2011,19.43000031
17-10-2011,18.82999992
18-10-2011,19.45000076
19-10-2011,19.21999931
20-10-2011,19.35000038
21-10-2011,19.82999992
24-10-2011,20.67000008
25-10-2011,20.17000008
26-10-2011,20.48999977
27-10-2011,21.62000084
28-10-2011,21.40999985
31-10-2011,20.92000008
01-11-2011,20.38999939
02-11-2011,20.51000023
03-11-2011,21.37999916
04-11-2011,21.07999992
07-11-2011,21
08-11-2011,21.14999962
09-11-2011,20.13999939
10-11-2011,20.02000046
11-11-2011,20.79999924
14-11-2011,20.81999969
15-11-2011,21.26000023
16-11-2011,21.18000031
17-11-2011,20.94000053
18-11-2011,20.88999939
21-11-2011,20.57999992
22-11-2011,20.30999947
23-11-2011,19.95999908
25-11-2011,19.92000008
28-11-2011,20.54999924
29-11-2011,20.59000015
30-11-2011,21.45000076
01-12-2011,21.46999931
02-12-2011,21.06999969
05-12-2011,21.38999939
06-12-2011,21.30999947
07-12-2011,21.20000076
08-12-2011,20.69000053
09-12-2011,20.82999992
12-12-2011,20.25
13-12-2011,19.90999985
14-12-2011,19.37000084
15-12-2011,19.20000076
16-12-2011,19.54999924
19-12-2011,19.17000008
20-12-2011,19.98999977
21-12-2011,20.27000046
22-12-2011,20.37999916
23-12-2011,20.47999954
27-12-2011,20.44000053
28-12-2011,20.06999969
29-12-2011,20.35000038
30-12-2011,20.56999969
03-01-2012,20.79999924
04-01-2012,20.84000015
05-01-2012,21.06999969
06-01-2012,21.19000053
09-01-2012,21.23999977
10-01-2012,21.76000023
11-01-2012,22.06999969
12-01-2012,22.37000084
13-01-2012,22.03000069
17-01-2012,22.02000046
18-01-2012,22.38999939
19-01-2012,22.65999985
20-01-2012,22.62999916
23-01-2012,22.61000061
24-01-2012,22.55999947
25-01-2012,23.11000061
26-01-2012,23.19000053
27-01-2012,23.44000053
30-01-2012,23.21999931
31-01-2012,22.88999939
01-02-2012,23.75
02-02-2012,22.79000092
03-02-2012,22.93000031
06-02-2012,22.54000092
07-02-2012,22.38999939
08-02-2012,22.52000046
09-02-2012,23.03000069
10-02-2012,23
13-02-2012,23.25
14-02-2012,23.25
15-02-2012,23.02000046
16-02-2012,23.45000076
17-02-2012,23.45999908
21-02-2012,23.85000038
22-02-2012,23.78000069
23-02-2012,24.05999947
24-02-2012,23.95000076
27-02-2012,23.94000053
28-02-2012,23.71999931
29-02-2012,23.35000038
01-03-2012,23.61000061
02-03-2012,22.93000031
05-03-2012,22.98999977
06-03-2012,22.12999916
07-03-2012,22.45000076
08-03-2012,22.52000046
09-03-2012,22.67000008
12-03-2012,22.46999931
13-03-2012,22.90999985
14-03-2012,22.89999962
15-03-2012,23.29999924
16-03-2012,23.13999939
19-03-2012,23.32999992
20-03-2012,23.26000023
21-03-2012,23.02000046
22-03-2012,22.40999985
23-03-2012,22.79000092
26-03-2012,23.10000038
27-03-2012,22.96999931
28-03-2012,22.86000061
29-03-2012,22.43000031
30-03-2012,22.37000084
02-04-2012,22.62999916
03-04-2012,22.68000031
04-04-2012,22.26000023
05-04-2012,22.05999947
09-04-2012,21.64999962
10-04-2012,21.18000031
11-04-2012,21.48999977
12-04-2012,22.07999992
13-04-2012,21.48999977
16-04-2012,21.76000023
17-04-2012,22.46999931
18-04-2012,21.98999977
19-04-2012,21.60000038
20-04-2012,21.71999931
23-04-2012,21.51000023
24-04-2012,21.63999939
25-04-2012,22
26-04-2012,21.95000076
27-04-2012,22.5
30-04-2012,22.06999969
01-05-2012,22.5
02-05-2012,22.61000061
03-05-2012,19.60000038
04-05-2012,18.79999924
07-05-2012,18.47999954
08-05-2012,18
09-05-2012,17.79999924
10-05-2012,17.98999977
11-05-2012,18.04999924
14-05-2012,17.78000069
15-05-2012,17.55999947
16-05-2012,17.44000053
17-05-2012,16.77000046
18-05-2012,16.63999939
21-05-2012,16.94000053
22-05-2012,16.53000069
23-05-2012,16.56999969
24-05-2012,16.62999916
25-05-2012,16.69000053
29-05-2012,16.95999908
30-05-2012,16.39999962
31-05-2012,16.29000092
01-06-2012,15.97999954
04-06-2012,15.72999954
05-06-2012,15.78999996
06-06-2012,16.19000053
07-06-2012,15.61999989
08-06-2012,16.20000076
11-06-2012,15.84000015
12-06-2012,15.98999977
13-06-2012,15.80000019
14-06-2012,15.94999981
15-06-2012,15.94999981
18-06-2012,16.14999962
19-06-2012,16.46999931
20-06-2012,16.11000061
21-06-2012,15.15999985
22-06-2012,15.15999985
25-06-2012,14.90999985
26-06-2012,15.10000038
27-06-2012,15.68000031
28-06-2012,15.97999954
29-06-2012,16.45000076
02-07-2012,16.70000076
03-07-2012,17.12999916
05-07-2012,17
06-07-2012,16.80999947
09-07-2012,16.93000031
10-07-2012,16.68000031
11-07-2012,16.48999977
12-07-2012,16.37000084
13-07-2012,16.78000069
16-07-2012,16.62000084
17-07-2012,16.68000031
18-07-2012,16.77000046
19-07-2012,16.26000023
20-07-2012,15.89000034
23-07-2012,15.85999966
24-07-2012,15.28999996
25-07-2012,15.30000019
26-07-2012,15.61999989
27-07-2012,16.11000061
30-07-2012,15.89000034
31-07-2012,16.20999908
01-08-2012,16.20000076
02-08-2012,15.72000027
03-08-2012,16.07999992
06-08-2012,15.97999954
07-08-2012,18.81999969
08-08-2012,18.63999939
09-08-2012,19.07999992
10-08-2012,18.85000038
13-08-2012,18.92000008
14-08-2012,18.98999977
15-08-2012,19.19000053
16-08-2012,19.45999908
17-08-2012,19.02000046
20-08-2012,19.29000092
21-08-2012,19.43000031
22-08-2012,19.13999939
23-08-2012,19.09000015
24-08-2012,19.17000008
27-08-2012,19.06999969
28-08-2012,19.48999977
29-08-2012,19.34000015
30-08-2012,19.23999977
31-08-2012,19.38999939
04-09-2012,19.70000076
05-09-2012,19.92000008
06-09-2012,20.34000015
07-09-2012,20.51000023
10-09-2012,20.73999977
11-09-2012,20.86000061
12-09-2012,20.90999985
13-09-2012,21.22999954
14-09-2012,21.61000061
17-09-2012,21.34000015
18-09-2012,21.28000069
19-09-2012,21.62000084
20-09-2012,21.39999962
21-09-2012,21.42000008
24-09-2012,21.29000092
25-09-2012,20.87000084
26-09-2012,20.87999916
27-09-2012,21.05999947
28-09-2012,21.15999985
01-10-2012,21.10000038
02-10-2012,21.5
03-10-2012,21.40999985
04-10-2012,21.55999947
05-10-2012,21.67000008
08-10-2012,21.40999985
09-10-2012,21.11000061
10-10-2012,20.97999954
11-10-2012,21.07999992
12-10-2012,21.01000023
15-10-2012,21.57999992
16-10-2012,21.55999947
17-10-2012,21.62000084
18-10-2012,21.73999977
19-10-2012,21.34000015
22-10-2012,21.13999939
23-10-2012,21.01000023
24-10-2012,20.96999931
25-10-2012,20.95000076
26-10-2012,20.85000038
31-10-2012,21.46999931
01-11-2012,22.03000069
02-11-2012,21.81999969
05-11-2012,22.14999962
06-11-2012,22.34000015
07-11-2012,22.11000061
08-11-2012,21.79000092
09-11-2012,21.79999924
12-11-2012,21.76000023
13-11-2012,18.87000084
14-11-2012,19.31999969
15-11-2012,19.71999931
16-11-2012,20.09000015
19-11-2012,20.57999992
20-11-2012,20.94000053
21-11-2012,21.52000046
23-11-2012,21.87000084
26-11-2012,22
27-11-2012,21.95000076
28-11-2012,22.26000023
29-11-2012,22.20000076
30-11-2012,22.59000015
03-12-2012,22.85000038
04-12-2012,22.88999939
05-12-2012,22.88999939
06-12-2012,22.81999969
07-12-2012,22.88999939
10-12-2012,23.54000092
11-12-2012,23.93000031
12-12-2012,23.79999924
13-12-2012,23.73999977
14-12-2012,23.81999969
17-12-2012,23.95000076
18-12-2012,24.25
19-12-2012,24.13999939
20-12-2012,24.37000084
21-12-2012,24.32999992
24-12-2012,24.23999977
26-12-2012,24.12000084
27-12-2012,24.09000015
28-12-2012,23.94000053
31-12-2012,23.79999924
02-01-2013,24.70999908
03-01-2013,24.30999947
04-01-2013,24.28000069
07-01-2013,24.28000069
08-01-2013,24.53000069
09-01-2013,24.71999931
10-01-2013,24.81999969
11-01-2013,24.87999916
14-01-2013,24.70999908
15-01-2013,25.21999931
16-01-2013,24.93000031
17-01-2013,25.04999924
18-01-2013,25.15999985
22-01-2013,25.45999908
23-01-2013,25.28000069
24-01-2013,25.48999977
25-01-2013,25.51000023
28-01-2013,25.79999924
29-01-2013,25.75
30-01-2013,25.56999969
31-01-2013,25.56999969
01-02-2013,25.67000008
04-02-2013,25.30999947
05-02-2013,27.26000023
06-02-2013,27.76000023
07-02-2013,27.95000076
08-02-2013,28.84000015
11-02-2013,28.61000061
12-02-2013,29.39999962
13-02-2013,30.04000092
14-02-2013,30.85000038
15-02-2013,30.96999931
19-02-2013,31.42000008
20-02-2013,30.69000053
21-02-2013,30.29999924
22-02-2013,30.77000046
25-02-2013,29.79000092
26-02-2013,30.20000076
27-02-2013,30.67000008
28-02-2013,30.30999947
01-03-2013,30.12000084
04-03-2013,30.34000015
05-03-2013,31.09000015
06-03-2013,31.02000046
07-03-2013,31.10000038
08-03-2013,31.37000084
11-03-2013,31.18000031
12-03-2013,31.40999985
13-03-2013,31.89999962
14-03-2013,32.49000168
15-03-2013,32.45999908
18-03-2013,32.31000137
19-03-2013,32.58000183
20-03-2013,32.77000046
21-03-2013,32.52999878
22-03-2013,32.95000076
25-03-2013,32.54999924
26-03-2013,32.84999847
27-03-2013,32.75
28-03-2013,32.79999924
01-04-2013,31.97999954
02-04-2013,31.48999977
03-04-2013,30.13999939
04-04-2013,30.14999962
05-04-2013,29.77000046
08-04-2013,30.34000015
09-04-2013,30.10000038
10-04-2013,30.81999969
11-04-2013,30.97999954
12-04-2013,30.69000053
15-04-2013,28.45999908
16-04-2013,29.20000076
17-04-2013,28.70999908
18-04-2013,28.21999931
19-04-2013,28.21999931
22-04-2013,28.59000015
23-04-2013,28.69000053
24-04-2013,29.11000061
25-04-2013,28.54000092
26-04-2013,28.31999969
29-04-2013,28.69000053
30-04-2013,29.06999969
01-05-2013,28.53000069
02-05-2013,29.15999985
03-05-2013,29.84000015
06-05-2013,29.64999962
07-05-2013,30.06999969
08-05-2013,29.89999962
09-05-2013,30.12999916
10-05-2013,30.57999992
13-05-2013,30.27000046
14-05-2013,30.94000053
15-05-2013,31.10000038
16-05-2013,30.87999916
17-05-2013,31.39999962
20-05-2013,31.67000008
21-05-2013,32.00999832
22-05-2013,30.93000031
23-05-2013,31.03000069
24-05-2013,30.46999931
28-05-2013,30.85000038
29-05-2013,30.60000038
30-05-2013,30.98999977
31-05-2013,30.79000092
03-06-2013,30.5
04-06-2013,30.29999924
05-06-2013,30.03000069
06-06-2013,30.45000076
07-06-2013,31
10-06-2013,30.97999954
11-06-2013,30.42000008
12-06-2013,30.10000038
13-06-2013,30.61000061
14-06-2013,30.56999969
17-06-2013,30.78000069
18-06-2013,31.28000069
19-06-2013,31.40999985
20-06-2013,30.28000069
21-06-2013,29.87000084
24-06-2013,29.56999969
25-06-2013,30.42000008
26-06-2013,30.79000092
27-06-2013,31.57999992
28-06-2013,31.79000092
01-07-2013,31.69000053
02-07-2013,31.55999947
03-07-2013,31.53000069
05-07-2013,31.89999962
08-07-2013,31.65999985
09-07-2013,32.36999893
10-07-2013,32.24000168
11-07-2013,32.52999878
12-07-2013,32.50999832
15-07-2013,32.72000122
16-07-2013,32.43999863
17-07-2013,33.11000061
18-07-2013,33.79000092
19-07-2013,34.04999924
22-07-2013,34.41999817
23-07-2013,34.43999863
24-07-2013,34.34000015
25-07-2013,34.13999939
26-07-2013,33.58000183
29-07-2013,33
30-07-2013,33.38000107
31-07-2013,33.90000153
01-08-2013,35.06000137
02-08-2013,34.91999817
05-08-2013,35.20000076
06-08-2013,29.36000061
07-08-2013,29.48999977
08-08-2013,30
09-08-2013,30.05999947
12-08-2013,30
13-08-2013,30
14-08-2013,29.87999916
15-08-2013,29.55999947
16-08-2013,29.72999954
19-08-2013,29.18000031
20-08-2013,29.87000084
21-08-2013,30.19000053
22-08-2013,30.81999969
23-08-2013,30.73999977
26-08-2013,30.65999985
27-08-2013,29.79000092
28-08-2013,30
29-08-2013,30.02000046
30-08-2013,29.12999916
03-09-2013,28.62999916
04-09-2013,28.80999947
05-09-2013,29.20999908
06-09-2013,28.98999977
09-09-2013,29.37999916
10-09-2013,29.77000046
11-09-2013,29.86000061
12-09-2013,29.73999977
13-09-2013,29.80999947
16-09-2013,30.26000023
17-09-2013,30.37999916
18-09-2013,30.64999962
19-09-2013,30.69000053
20-09-2013,30.63999939
23-09-2013,30.78000069
24-09-2013,31.29999924
25-09-2013,31.35000038
26-09-2013,31.56999969
27-09-2013,31.21999931
30-09-2013,31.27000046
01-10-2013,32.20999908
02-10-2013,31.87000084
03-10-2013,31.31999969
04-10-2013,31.56999969
07-10-2013,31.05999947
08-10-2013,30.59000015
09-10-2013,30.78000069
10-10-2013,30.98999977
11-10-2013,31.13999939
14-10-2013,31.46999931
15-10-2013,31.18000031
16-10-2013,31.67000008
17-10-2013,32.45999908
18-10-2013,32.52999878
21-10-2013,32.68999863
22-10-2013,32.54000092
23-10-2013,32.20000076
24-10-2013,31.97999954
25-10-2013,32.11000061
28-10-2013,31.97999954
29-10-2013,32.11999893
30-10-2013,32.11000061
31-10-2013,31.78000069
01-11-2013,31.94000053
04-11-2013,32.08000183
05-11-2013,31.61000061
06-11-2013,31.68000031
07-11-2013,30.88999939
08-11-2013,30.78000069
11-11-2013,31.29999924
12-11-2013,28.95999908
13-11-2013,28.95000076
14-11-2013,29.45999908
15-11-2013,29.86000061
18-11-2013,29.85000038
19-11-2013,29.23999977
20-11-2013,29.21999931
21-11-2013,29.5
22-11-2013,29.35000038
25-11-2013,29.14999962
26-11-2013,29.12000084
27-11-2013,29.12000084
29-11-2013,29.05999947
02-12-2013,29.05999947
03-12-2013,28.96999931
04-12-2013,28.63999939
05-12-2013,28.54000092
06-12-2013,29.04000092
09-12-2013,28.75
10-12-2013,28.57999992
11-12-2013,27.72999954
12-12-2013,27.79999924
13-12-2013,27.46999931
16-12-2013,28.28000069
17-12-2013,27.84000015
18-12-2013,28.20000076
19-12-2013,28.77000046
20-12-2013,29.06999969
23-12-2013,29.29000092
24-12-2013,29.42000008
26-12-2013,29.37999916
27-12-2013,29.51000023
30-12-2013,29.27000046
31-12-2013,29.43000031
02-01-2014,29.21999931
03-01-2014,29.78000069
06-01-2014,29.42000008
07-01-2014,30.12999916
08-01-2014,29.97999954
09-01-2014,30.53000069
10-01-2014,30.61000061
13-01-2014,29.84000015
14-01-2014,30.30999947
15-01-2014,30.68000031
16-01-2014,29.88999939
17-01-2014,30.36000061
21-01-2014,30.54999924
22-01-2014,30.95999908
23-01-2014,30.71999931
24-01-2014,29.52000046
27-01-2014,28.97999954
28-01-2014,29.14999962
29-01-2014,28.76000023
30-01-2014,29.13999939
31-01-2014,28.67000008
03-02-2014,27.69000053
04-02-2014,28.62999916
05-02-2014,28.10000038
06-02-2014,28.45999908
07-02-2014,28.79000092
10-02-2014,28.69000053
11-02-2014,29.20999908
12-02-2014,30
13-02-2014,29.71999931
14-02-2014,30
18-02-2014,30.63999939
19-02-2014,30.06999969
20-02-2014,30.45999908
21-02-2014,30.14999962
24-02-2014,30.55999947
25-02-2014,30.37999916
26-02-2014,30.64999962
27-02-2014,31.65999985
28-02-2014,31.94000053
03-03-2014,30.94000053
04-03-2014,31.53000069
05-03-2014,31.62000084
06-03-2014,31.72999954
07-03-2014,32.27000046
10-03-2014,31.98999977
11-03-2014,31.65999985
12-03-2014,31.57999992
13-03-2014,31.25
14-03-2014,31.17000008
17-03-2014,31.43000031
18-03-2014,32.29000092
19-03-2014,31.95000076
20-03-2014,32.06999969
21-03-2014,32.47999954
24-03-2014,31.87999916
25-03-2014,32.00999832
26-03-2014,31.44000053
27-03-2014,31.40999985
28-03-2014,31.65999985
31-03-2014,32.16999817
01-04-2014,32.31000137
02-04-2014,32.93999863
03-04-2014,32.84000015
04-04-2014,32.15000153
07-04-2014,31.21999931
08-04-2014,32.31999969
09-04-2014,33.09999847
10-04-2014,32.84000015
11-04-2014,32.09000015
14-04-2014,32.31999969
15-04-2014,32.45999908
16-04-2014,32.56999969
17-04-2014,32.5
21-04-2014,32.63000107
22-04-2014,33.20000076
23-04-2014,33.24000168
24-04-2014,33.24000168
25-04-2014,32.75
28-04-2014,32.66999817
29-04-2014,32.65000153
30-04-2014,32.41999817
01-05-2014,32.36999893
02-05-2014,32.72000122
05-05-2014,32.27000046
06-05-2014,32.08000183
07-05-2014,31.55999947
08-05-2014,31.85000038
09-05-2014,32.06999969
12-05-2014,32.59999847
13-05-2014,32.02000046
14-05-2014,31.36000061
15-05-2014,30.45999908
16-05-2014,30.63999939
19-05-2014,31.15999985
20-05-2014,31.17000008
21-05-2014,31.35000038
22-05-2014,31.36000061
23-05-2014,31.47999954
27-05-2014,32.04999924
28-05-2014,32.24000168
29-05-2014,32.11000061
30-05-2014,32.13999939
02-06-2014,32.04999924
03-06-2014,32.02000046
04-06-2014,32.15999985
05-06-2014,32.5
06-06-2014,33.09999847
09-06-2014,33.56999969
10-06-2014,33.43999863
11-06-2014,33.04999924
12-06-2014,32.50999832
13-06-2014,32.72000122
16-06-2014,32.15000153
17-06-2014,32.40999985
18-06-2014,32.43000031
19-06-2014,32.66999817
20-06-2014,32.52000046
23-06-2014,32.47999954
24-06-2014,32.06999969
25-06-2014,32.15999985
26-06-2014,31.95000076
27-06-2014,31.55999947
30-06-2014,32.20000076
01-07-2014,32.70000076
02-07-2014,32.70000076
03-07-2014,33.22000122
07-07-2014,32.29000092
08-07-2014,31.87999916
09-07-2014,31.87999916
10-07-2014,31.65999985
11-07-2014,31.76000023
14-07-2014,34.97999954
15-07-2014,35.15999985
16-07-2014,35
17-07-2014,35
18-07-2014,35.41999817
21-07-2014,35.36000061
22-07-2014,35.36999893
23-07-2014,35.09000015
24-07-2014,34.81000137
25-07-2014,35.04999924
28-07-2014,34.84999847
29-07-2014,34.72000122
30-07-2014,34.52999878
31-07-2014,33.95000076
01-08-2014,34.09000015
04-08-2014,34.43000031
05-08-2014,34.38000107
06-08-2014,34.45000076
07-08-2014,34.09000015
08-08-2014,34.52000046
11-08-2014,34.90000153
12-08-2014,35.08000183
13-08-2014,36.25999832
14-08-2014,36.13000107
15-08-2014,36.45000076
18-08-2014,37.04999924
19-08-2014,37.29999924
20-08-2014,37.00999832
21-08-2014,36.91999817
22-08-2014,37.22000122
25-08-2014,37.66999817
26-08-2014,38.13000107
27-08-2014,37.68999863
28-08-2014,37.84000015
29-08-2014,37.84000015
02-09-2014,37.56999969
03-09-2014,37.22000122
04-09-2014,37
05-09-2014,37.36999893
08-09-2014,37.50999832
09-09-2014,37.29999924
10-09-2014,37.38000107
11-09-2014,37.58000183
12-09-2014,37.16999817
15-09-2014,36.97000122
16-09-2014,37.13999939
17-09-2014,37.20000076
18-09-2014,37.52999878
19-09-2014,36.99000168
22-09-2014,35.99000168
23-09-2014,35.45999908
24-09-2014,35.36000061
25-09-2014,34.43000031
26-09-2014,34.54999924
29-09-2014,34.38999939
30-09-2014,33.75
01-10-2014,32.81999969
02-10-2014,32.77000046
03-10-2014,32.90000153
06-10-2014,32.31000137
07-10-2014,31.77000046
08-10-2014,31.97999954
09-10-2014,31.12000084
10-10-2014,29.27000046
13-10-2014,28.28000069
14-10-2014,28.12000084
15-10-2014,28.34000015
16-10-2014,28.97999954
17-10-2014,30.04000092
20-10-2014,30.39999962
21-10-2014,31.54999924
22-10-2014,31.17000008
23-10-2014,31.96999931
24-10-2014,32.59999847
27-10-2014,32.34000015
28-10-2014,31.54000092
29-10-2014,31.51000023
30-10-2014,32.13000107
31-10-2014,32.54999924
03-11-2014,32.88999939
04-11-2014,32.31999969
05-11-2014,32.56999969
06-11-2014,32.77999878
07-11-2014,33
10-11-2014,32.77999878
11-11-2014,30.48999977
12-11-2014,32.22000122
13-11-2014,32.13000107
14-11-2014,32.31000137
17-11-2014,32
18-11-2014,32.40000153
19-11-2014,32.40999985
20-11-2014,33.40000153
21-11-2014,33.72999954
24-11-2014,33.70000076
25-11-2014,33.90999985
26-11-2014,33.59000015
28-11-2014,32.00999832
01-12-2014,29.65999985
02-12-2014,30.54999924
03-12-2014,30.95999908
04-12-2014,30.5
05-12-2014,30.81999969
08-12-2014,30.17000008
09-12-2014,30.37000084
10-12-2014,29.31999969
11-12-2014,29.52000046
12-12-2014,29.39999962
15-12-2014,29.21999931
16-12-2014,28.52000046
17-12-2014,29.04000092
18-12-2014,29.69000053
19-12-2014,29.22999954
22-12-2014,29.88999939
23-12-2014,30.39999962
24-12-2014,30.45999908
26-12-2014,30.29000092
29-12-2014,30.88999939
30-12-2014,30.77000046
31-12-2014,30.37000084
02-01-2015,30.35000038
05-01-2015,29.02000046
06-01-2015,28.72999954
07-01-2015,29.31999969
08-01-2015,30.22999954
09-01-2015,28.70000076
12-01-2015,27.87999916
13-01-2015,27.01000023
14-01-2015,26
15-01-2015,24.92000008
16-01-2015,25.79999924
20-01-2015,25.79999924
21-01-2015,26.07999992
22-01-2015,26.23999977
23-01-2015,25.95999908
26-01-2015,26.65999985
27-01-2015,26.64999962
28-01-2015,26.22999954
29-01-2015,25.95000076
30-01-2015,25.42000008
02-02-2015,26.39999962
03-02-2015,27.62000084
04-02-2015,27.10000038
05-02-2015,27.48999977
06-02-2015,27.60000038
09-02-2015,27.56999969
10-02-2015,27.14999962
11-02-2015,26.98999977
12-02-2015,26.96999931
13-02-2015,27.79000092
17-02-2015,27.93000031
18-02-2015,28.18000031
19-02-2015,28.37000084
20-02-2015,29.14999962
23-02-2015,29
24-02-2015,29.42000008
25-02-2015,30
26-02-2015,29.89999962
27-02-2015,30.05999947
02-03-2015,30.22999954
03-03-2015,30.13999939
04-03-2015,30.04999924
05-03-2015,29.39999962
06-03-2015,29.37000084
09-03-2015,29.02000046
10-03-2015,29.35000038
11-03-2015,29.36000061
12-03-2015,29.57999992
13-03-2015,29.09000015
16-03-2015,29.32999992
17-03-2015,29.65999985
18-03-2015,30.38999939
19-03-2015,30.20999908
20-03-2015,31.09000015
23-03-2015,31.20000076
24-03-2015,31.06999969
25-03-2015,30.94000053
26-03-2015,30.79000092
27-03-2015,30.62000084
30-03-2015,30.95999908
31-03-2015,30.81999969
01-04-2015,30.89999962
02-04-2015,31.07999992
06-04-2015,31.53000069
07-04-2015,31.57999992
08-04-2015,31.64999962
09-04-2015,32.29000092
10-04-2015,32.63000107
13-04-2015,32.86999893
14-04-2015,33.15000153
15-04-2015,33.68000031
16-04-2015,33.38999939
17-04-2015,32.79000092
20-04-2015,32.63000107
21-04-2015,32.58000183
22-04-2015,32.93999863
23-04-2015,33.40000153
24-04-2015,33.18000031
27-04-2015,33.20000076
28-04-2015,32.97000122
29-04-2015,32.75999832
30-04-2015,31.55999947
01-05-2015,31.88999939
04-05-2015,31.92000008
05-05-2015,31.25
06-05-2015,31.13999939
07-05-2015,31.60000038
08-05-2015,31.61000061
11-05-2015,31.75
12-05-2015,30.96999931
13-05-2015,33.16999817
14-05-2015,33.86000061
15-05-2015,33.58000183
18-05-2015,33.95999908
19-05-2015,33.54999924
20-05-2015,33.77999878
21-05-2015,33.29999924
22-05-2015,32.95000076
26-05-2015,32.34000015
27-05-2015,32.5
28-05-2015,32.68000031
29-05-2015,33.02999878
01-06-2015,33.54000092
02-06-2015,33.59999847
03-06-2015,33.90000153
04-06-2015,33.54999924
05-06-2015,34.29000092
08-06-2015,33.45000076
09-06-2015,33.61999893
10-06-2015,33.93999863
11-06-2015,33.66999817
12-06-2015,33.68999863
15-06-2015,33.11999893
16-06-2015,33.38999939
17-06-2015,33.56000137
18-06-2015,34.13000107
19-06-2015,34.50999832
22-06-2015,35.15000153
23-06-2015,35.36000061
24-06-2015,34.65999985
25-06-2015,34.36999893
26-06-2015,34.22999954
29-06-2015,32.97000122
30-06-2015,33.08000183
01-07-2015,33.09999847
02-07-2015,32.74000168
06-07-2015,32.31000137
07-07-2015,32.54999924
08-07-2015,31.20999908
09-07-2015,30.97999954
10-07-2015,31.01000023
13-07-2015,31.95000076
14-07-2015,32.31999969
15-07-2015,31.73999977
16-07-2015,31.70000076
17-07-2015,31.19000053
20-07-2015,31.20000076
21-07-2015,31.44000053
22-07-2015,31.55999947
23-07-2015,31.04999924
24-07-2015,30.19000053
27-07-2015,29.54999924
28-07-2015,30.13999939
29-07-2015,30.67000008
30-07-2015,30.78000069
31-07-2015,30.82999992
03-08-2015,30.60000038
04-08-2015,30.69000053
05-08-2015,30.53000069
06-08-2015,30.44000053
07-08-2015,30.26000023
10-08-2015,31.17000008
11-08-2015,30.57999992
12-08-2015,29.45999908
13-08-2015,28.96999931
14-08-2015,29
17-08-2015,28.63999939
18-08-2015,29.19000053
19-08-2015,29.10000038
20-08-2015,28.05999947
21-08-2015,27.25
24-08-2015,25.80999947
25-08-2015,25.87999916
26-08-2015,26.14999962
27-08-2015,26.87000084
28-08-2015,27.12999916
31-08-2015,27.5
01-09-2015,26.52000046
02-09-2015,26.60000038
03-09-2015,26.73999977
04-09-2015,26.19000053
08-09-2015,27.05999947
09-09-2015,27.11000061
10-09-2015,27.11000061
11-09-2015,27.29000092
14-09-2015,27.05999947
15-09-2015,27.5
16-09-2015,27.71999931
17-09-2015,27.54000092
18-09-2015,27.23999977
21-09-2015,27.48999977
22-09-2015,26.54000092
23-09-2015,25.84000015
24-09-2015,26.19000053
25-09-2015,26.42000008
28-09-2015,26.21999931
29-09-2015,26.79999924
30-09-2015,27.51000023
01-10-2015,27.30999947
02-10-2015,27.90999985
05-10-2015,29.02000046
06-10-2015,29.38999939
07-10-2015,29.67000008
08-10-2015,30.06999969
09-10-2015,29.68000031
12-10-2015,29.54999924
13-10-2015,29.30999947
14-10-2015,29.20999908
15-10-2015,29.56999969
16-10-2015,28.36000061
19-10-2015,28.84000015
20-10-2015,29.18000031
21-10-2015,28.89999962
22-10-2015,29.30999947
23-10-2015,29.57999992
26-10-2015,29
27-10-2015,28.47999954
28-10-2015,29.69000053
29-10-2015,29.25
30-10-2015,29.46999931
02-11-2015,30.17000008
03-11-2015,30.12999916
04-11-2015,30.25
05-11-2015,30.69000053
06-11-2015,30.62000084
09-11-2015,30.31999969
10-11-2015,30.87999916
11-11-2015,31.39999962
12-11-2015,30
13-11-2015,29.95999908
16-11-2015,30.37999916
17-11-2015,30.36000061
18-11-2015,31.11000061
19-11-2015,31.21999931
20-11-2015,30.98999977
23-11-2015,30.95999908
24-11-2015,31.06999969
25-11-2015,31.20000076
27-11-2015,31.70999908
30-11-2015,31.82999992
01-12-2015,32.09000015
02-12-2015,32.06000137
03-12-2015,31.59000015
04-12-2015,31.97999954
07-12-2015,31.12999916
08-12-2015,30.39999962
09-12-2015,30.06999969
10-12-2015,30.20999908
11-12-2015,29.42000008
14-12-2015,28.90999985
15-12-2015,29.92000008
16-12-2015,29.93000031
17-12-2015,29.23999977
18-12-2015,29.22999954
21-12-2015,29.26000023
22-12-2015,29.61000061
23-12-2015,30.62000084
24-12-2015,30.40999985
28-12-2015,30.54000092
29-12-2015,30.88999939
30-12-2015,30.39999962
31-12-2015,30.03000069
04-01-2016,29.86000061
05-01-2016,29.64999962
06-01-2016,29.19000053
07-01-2016,28.31999969
08-01-2016,27.80999947
11-01-2016,27.30999947
12-01-2016,27.65999985
13-01-2016,27.04999924
14-01-2016,26.86000061
15-01-2016,26.12999916
19-01-2016,25.72999954
20-01-2016,25.12999916
21-01-2016,24.84000015
22-01-2016,25.97999954
25-01-2016,25.26000023
26-01-2016,26.27000046
27-01-2016,26.04000092
28-01-2016,26.34000015
29-01-2016,27.44000053
01-02-2016,26.94000053
02-02-2016,25.81999969
03-02-2016,25.82999992
04-02-2016,26.43000031
05-02-2016,25.82999992
08-02-2016,24.36000061
09-02-2016,23.78000069
10-02-2016,24.10000038
11-02-2016,23.14999962
12-02-2016,24.46999931
16-02-2016,25.13999939
17-02-2016,26.06999969
18-02-2016,26.11000061
19-02-2016,26.05999947
22-02-2016,26.77000046
23-02-2016,26.26000023
24-02-2016,26.67000008
25-02-2016,27.34000015
26-02-2016,27.90999985
29-02-2016,27.45999908
01-03-2016,28.68000031
02-03-2016,28.95000076
03-03-2016,29.29999924
04-03-2016,29.35000038
07-03-2016,29.64999962
08-03-2016,28.29999924
09-03-2016,28.93000031
10-03-2016,29.21999931
11-03-2016,30.39999962
14-03-2016,30.12000084
15-03-2016,29.89999962
16-03-2016,30.59000015
17-03-2016,31.46999931
18-03-2016,31.52000046
21-03-2016,31
22-03-2016,31.31999969
23-03-2016,30.55999947
24-03-2016,30.59000015
28-03-2016,30.54000092
29-03-2016,31.23999977
30-03-2016,30.96999931
31-03-2016,30.79000092
01-04-2016,30.80999947
04-04-2016,30.46999931
05-04-2016,29.70000076
06-04-2016,29.81999969
07-04-2016,29.25
08-04-2016,29.55999947
11-04-2016,29.77000046
12-04-2016,30.27000046
13-04-2016,30.56999969
14-04-2016,30.37000084
15-04-2016,30.37999916
18-04-2016,30.54000092
19-04-2016,30.56999969
20-04-2016,30.55999947
21-04-2016,30.60000038
22-04-2016,31.10000038
25-04-2016,31.39999962
26-04-2016,32.09999847
27-04-2016,33
28-04-2016,32.27000046
29-04-2016,32.49000168
02-05-2016,32.81000137
03-05-2016,32.36000061
04-05-2016,32.06000137
05-05-2016,32.04999924
06-05-2016,32.15999985
09-05-2016,31.34000015
10-05-2016,31.95000076
11-05-2016,32.47000122
12-05-2016,32.52999878
13-05-2016,31.95000076
16-05-2016,32.63999939
17-05-2016,32.40000153
18-05-2016,31.79000092
19-05-2016,31.46999931
20-05-2016,31.62000084
23-05-2016,31.42000008
24-05-2016,32.09999847
25-05-2016,32.36999893
26-05-2016,32.00999832
27-05-2016,32.13999939
31-05-2016,32.11000061
01-06-2016,32.09000015
02-06-2016,32.04999924
03-06-2016,31.98999977
06-06-2016,32.56000137
07-06-2016,32.75
08-06-2016,33.11999893
09-06-2016,33.22000122
10-06-2016,32.74000168
13-06-2016,31.95999908
14-06-2016,31.5
15-06-2016,31.71999931
16-06-2016,31.79000092
17-06-2016,32.18000031
20-06-2016,32.84000015
21-06-2016,32.83000183
22-06-2016,32.50999832
23-06-2016,33.93999863
24-06-2016,30.87000084
27-06-2016,29.45000076
28-06-2016,30.18000031
29-06-2016,30.70999908
30-06-2016,31.77000046
01-07-2016,31.61000061
05-07-2016,31.03000069
06-07-2016,31.43000031
07-07-2016,31.76000023
08-07-2016,32.84999847
11-07-2016,32.97999954
12-07-2016,33.97999954
13-07-2016,33.97999954
14-07-2016,34.27999878
15-07-2016,34.34999847
18-07-2016,34.58000183
19-07-2016,34.27999878
20-07-2016,34.81999969
21-07-2016,35.15999985
22-07-2016,34.77000046
25-07-2016,35
26-07-2016,35.86000061
27-07-2016,36.16999817
28-07-2016,35.93999863
29-07-2016,35.49000168
01-08-2016,35.34000015
02-08-2016,34.77999878
03-08-2016,35.11000061
04-08-2016,34.88000107
05-08-2016,35.79999924
08-08-2016,35.43000031
09-08-2016,34.70999908
10-08-2016,34.75999832
11-08-2016,35.11000061
12-08-2016,34.54000092
15-08-2016,35.09000015
16-08-2016,33.43999863
17-08-2016,31.96999931
18-08-2016,32.50999832
19-08-2016,32.5
22-08-2016,32.22999954
23-08-2016,32.68999863
24-08-2016,32.18000031
25-08-2016,32.18000031
26-08-2016,31.88999939
29-08-2016,32.15000153
30-08-2016,31.84000015
31-08-2016,30.82999992
01-09-2016,30.44000053
02-09-2016,30.65999985
06-09-2016,30.42000008
07-09-2016,30.38999939
08-09-2016,30.13999939
09-09-2016,28.86000061
12-09-2016,29.06999969
13-09-2016,28.37999916
14-09-2016,28.07999992
15-09-2016,28.29999924
16-09-2016,27.90999985
19-09-2016,28.19000053
20-09-2016,27.60000038
21-09-2016,28.17000008
22-09-2016,28.76000023
23-09-2016,28.54000092
26-09-2016,28.96999931
27-09-2016,28.92000008
28-09-2016,29.47999954
29-09-2016,29.42000008
30-09-2016,29.72999954
03-10-2016,29.70999908
04-10-2016,29.13999939
05-10-2016,29.55999947
06-10-2016,29.29999924
07-10-2016,28.73999977
10-10-2016,28.85000038
11-10-2016,27.81999969
12-10-2016,27.87999916
13-10-2016,27.82999992
14-10-2016,27.61000061
17-10-2016,27.84000015
18-10-2016,27.94000053
19-10-2016,27.86000061
20-10-2016,27.27000046
21-10-2016,26.98999977
24-10-2016,27.21999931
25-10-2016,27.04000092
26-10-2016,27.5
27-10-2016,27.37000084
28-10-2016,27.87999916
31-10-2016,27.85000038
01-11-2016,27.42000008
02-11-2016,27.11000061
03-11-2016,27.23999977
04-11-2016,26.92000008
07-11-2016,27.45000076
08-11-2016,27.87000084
09-11-2016,31.37999916
10-11-2016,32.20999908
11-11-2016,32.22000122
14-11-2016,36.95000076
15-11-2016,37.66999817
16-11-2016,37.52999878
17-11-2016,37.20999908
18-11-2016,36.70000076
21-11-2016,37.02000046
22-11-2016,37.13000107
23-11-2016,37.59999847
25-11-2016,37.66999817
28-11-2016,36.97000122
29-11-2016,36.22000122
30-11-2016,36.34999847
01-12-2016,36.66999817
02-12-2016,36.93999863
05-12-2016,37.31999969
06-12-2016,38.27999878
07-12-2016,39
08-12-2016,40.13000107
09-12-2016,40.11999893
12-12-2016,39.56000137
13-12-2016,38.93999863
14-12-2016,38.11000061
15-12-2016,38.15999985
16-12-2016,37.91999817
19-12-2016,37.95000076
20-12-2016,37.88999939
21-12-2016,37.75999832
22-12-2016,37.70999908
23-12-2016,37.63000107
27-12-2016,37.72999954
28-12-2016,36.90999985
29-12-2016,36.36999893
30-12-2016,36.36000061
03-01-2017,37
04-01-2017,38.36999893
05-01-2017,37.56999969
06-01-2017,36.93000031
09-01-2017,36.02999878
10-01-2017,37.15000153
11-01-2017,36.95999908
12-01-2017,35.52000046
13-01-2017,35.95999908
17-01-2017,35.29999924
18-01-2017,35.70000076
19-01-2017,35.36000061
20-01-2017,35.45000076
23-01-2017,35.31000137
24-01-2017,37.41999817
25-01-2017,39.13000107
26-01-2017,38.59000015
27-01-2017,37.86999893
30-01-2017,37
31-01-2017,36.93000031
01-02-2017,37.20000076
02-02-2017,36.54999924
03-02-2017,37.22000122
06-02-2017,37.15000153
07-02-2017,38.11999893
08-02-2017,37.02999878
09-02-2017,38.09000015
10-02-2017,38.40000153
13-02-2017,37.90999985
14-02-2017,38.34000015
15-02-2017,38.84999847
16-02-2017,38.40000153
17-02-2017,37.75
21-02-2017,38.40999985
22-02-2017,37.99000168
23-02-2017,36.34999847
24-02-2017,35.77000046
27-02-2017,37.15000153
28-02-2017,36.34999847
01-03-2017,37.84000015
02-03-2017,36.95999908
03-03-2017,37.11000061
06-03-2017,36.50999832
07-03-2017,36.36999893
08-03-2017,35.81000137
09-03-2017,35.11000061
10-03-2017,36.06999969
13-03-2017,36.25
14-03-2017,35.72000122
15-03-2017,36.34999847
16-03-2017,36.08000183
17-03-2017,35.65000153
20-03-2017,35.13000107
21-03-2017,34.08000183
22-03-2017,34.45999908
23-03-2017,34.54000092
24-03-2017,34.09999847
27-03-2017,33.86000061
28-03-2017,34.52000046
29-03-2017,35.04000092
30-03-2017,35.61999893
31-03-2017,35.59000015
03-04-2017,34.86999893
04-04-2017,34.86000061
05-04-2017,35.00999832
06-04-2017,35.38999939
07-04-2017,33.02000046
10-04-2017,33.77999878
11-04-2017,33.83000183
12-04-2017,32.97999954
13-04-2017,32.61000061
17-04-2017,33.36999893
18-04-2017,33.75
19-04-2017,33.43999863
20-04-2017,33.45999908
21-04-2017,33.40999985
24-04-2017,34.27000046
25-04-2017,34.66999817
26-04-2017,34.70999908
27-04-2017,34.84999847
28-04-2017,34.20999908
01-05-2017,33.99000168
02-05-2017,34.18999863
03-05-2017,33.63999939
04-05-2017,33.65000153
05-05-2017,33.81000137
08-05-2017,33.20000076
09-05-2017,34.20000076
10-05-2017,33.29999924
11-05-2017,33.20999908
12-05-2017,32.09999847
15-05-2017,32.31999969
16-05-2017,32.34999847
17-05-2017,32.29000092
18-05-2017,32.43000031
19-05-2017,32.65000153
22-05-2017,32.45999908
23-05-2017,32.54999924
24-05-2017,32.54000092
25-05-2017,32.34000015
26-05-2017,32.18000031
30-05-2017,32.41999817
31-05-2017,32.11000061
01-06-2017,32.84000015
02-06-2017,32.95000076
05-06-2017,32.43000031
06-06-2017,32.31999969
07-06-2017,32.31999969
08-06-2017,32.49000168
09-06-2017,33.75999832
12-06-2017,33.38999939
13-06-2017,33.56999969
14-06-2017,33.29999924
15-06-2017,32.56000137
16-06-2017,32.61000061
19-06-2017,32.75999832
20-06-2017,32.38999939
21-06-2017,31.93000031
22-06-2017,32.34000015
23-06-2017,32.27000046
26-06-2017,32.61999893
27-06-2017,32.29000092
28-06-2017,32.63999939
29-06-2017,32.02999878
30-06-2017,32.33000183
03-07-2017,32.84999847
05-07-2017,32.58000183
06-07-2017,32.20000076
07-07-2017,32.65000153
10-07-2017,32.52000046
11-07-2017,32.18999863
12-07-2017,32.65000153
13-07-2017,32.70999908
14-07-2017,32.77999878
17-07-2017,32.81999969
18-07-2017,32.49000168
19-07-2017,32.66999817
20-07-2017,32.27000046
21-07-2017,32.02000046
24-07-2017,31.15999985
25-07-2017,31.97999954
26-07-2017,31.70999908
27-07-2017,31.82999992
28-07-2017,31.57999992
31-07-2017,31.89999962
01-08-2017,31.89999962
02-08-2017,31.57999992
03-08-2017,31.55999947
04-08-2017,31.14999962
07-08-2017,31.32999992
08-08-2017,33.84999847
09-08-2017,33.00999832
10-08-2017,31.95999908
11-08-2017,32.25999832
14-08-2017,32.43999863
15-08-2017,31.81999969
16-08-2017,31.52000046
17-08-2017,31.09000015
18-08-2017,30.57999992
21-08-2017,30.46999931
22-08-2017,31.25
23-08-2017,30.97999954
24-08-2017,31.06999969
25-08-2017,31.59000015
28-08-2017,31.78000069
29-08-2017,32.25999832
30-08-2017,32.61999893
31-08-2017,33.5
01-09-2017,33.5
05-09-2017,32.79000092
06-09-2017,33.22999954
07-09-2017,33.22999954
08-09-2017,33.06000137
11-09-2017,33.38000107
12-09-2017,34.06999969
13-09-2017,33.90000153
14-09-2017,33.84999847
15-09-2017,33.93999863
18-09-2017,34.22000122
19-09-2017,35.00999832
20-09-2017,35
21-09-2017,34.93999863
22-09-2017,35.54000092
25-09-2017,36.47000122
26-09-2017,36.50999832
27-09-2017,37.04000092
28-09-2017,37.00999832
29-09-2017,36.81000137
02-10-2017,37.06000137
03-10-2017,36.77999878
04-10-2017,36.50999832
05-10-2017,36.56999969
06-10-2017,36.36999893
09-10-2017,36.16999817
10-10-2017,36.25
11-10-2017,35.97000122
12-10-2017,35.93999863
13-10-2017,35.68999863
16-10-2017,35.79000092
17-10-2017,35.66999817
18-10-2017,35.40000153
19-10-2017,35.25
20-10-2017,35.31999969
23-10-2017,35.15999985
24-10-2017,35
25-10-2017,34.72000122
26-10-2017,35.16999817
27-10-2017,35.22999954
30-10-2017,35.16999817
31-10-2017,35.06000137
01-11-2017,35.22000122
02-11-2017,35.43999863
03-11-2017,35.70999908
06-11-2017,36.11999893
07-11-2017,36.09000015
08-11-2017,35.79999924
09-11-2017,35.63000107
10-11-2017,35.59000015
13-11-2017,35.63000107
14-11-2017,34.20999908
15-11-2017,34.04000092
16-11-2017,34.50999832
17-11-2017,34.72000122
20-11-2017,36
21-11-2017,36.65000153
22-11-2017,36.33000183
24-11-2017,36.09999847
27-11-2017,36.22999954
28-11-2017,36.88000107
29-11-2017,37.15999985
30-11-2017,37.5
01-12-2017,37.68999863
04-12-2017,37.99000168
05-12-2017,37.49000168
06-12-2017,37.88000107
07-12-2017,38.09000015
08-12-2017,38.56999969
11-12-2017,38.50999832
12-12-2017,38.81999969
13-12-2017,38.27999878
14-12-2017,37.49000168
15-12-2017,36.93000031
18-12-2017,37.56999969
19-12-2017,37.20000076
20-12-2017,37.06999969
21-12-2017,37.09999847
22-12-2017,37.27999878
26-12-2017,37.45999908
27-12-2017,37.38000107
28-12-2017,37.38000107
29-12-2017,37.15000153
02-01-2018,37.72000122
03-01-2018,38.61000061
04-01-2018,38.95000076
05-01-2018,38.27999878
08-01-2018,38.29000092
09-01-2018,38.09999847
10-01-2018,38.02000046
11-01-2018,38.93999863
12-01-2018,39.06999969
16-01-2018,38.86000061
17-01-2018,38.68000031
18-01-2018,38.79000092
19-01-2018,39.20999908
22-01-2018,39.16999817
23-01-2018,39.27999878
24-01-2018,39.25999832
25-01-2018,39.25999832
26-01-2018,39.41999817
29-01-2018,39.61999893
30-01-2018,39.04999924
31-01-2018,39.11000061
01-02-2018,38.93999863
02-02-2018,37.99000168
05-02-2018,35.81000137
06-02-2018,36.09000015
07-02-2018,36.38000107
08-02-2018,34.5
09-02-2018,34.56999969
12-02-2018,34.93999863
13-02-2018,34.90000153
14-02-2018,35.25999832
15-02-2018,35.27999878
16-02-2018,35.36000061
20-02-2018,35.13000107
21-02-2018,34.95999908
22-02-2018,35.75999832
23-02-2018,36.36999893
26-02-2018,36.75
27-02-2018,36.09000015
28-02-2018,35.50999832
01-03-2018,34.99000168
02-03-2018,35.68000031
05-03-2018,36.15999985
06-03-2018,36.38999939
07-03-2018,36.43000031
08-03-2018,36.29999924
09-03-2018,36.75999832
12-03-2018,36.38000107
13-03-2018,36.40000153
14-03-2018,36.36000061
15-03-2018,36.38999939
16-03-2018,36.65999985
19-03-2018,36.36999893
20-03-2018,36.50999832
21-03-2018,37.18999863
22-03-2018,36.09000015
23-03-2018,34.49000168
26-03-2018,35.50999832
27-03-2018,34.74000168
28-03-2018,34.72999954
29-03-2018,35.63000107
02-04-2018,34.81999969
03-04-2018,35.58000183
04-04-2018,35.93000031
05-04-2018,36.02000046
06-04-2018,34.97000122
09-04-2018,35.04999924
10-04-2018,35.88999939
11-04-2018,35.90000153
12-04-2018,36.08000183
13-04-2018,36.02000046
16-04-2018,36.34000015
17-04-2018,36.61999893
18-04-2018,36.75
19-04-2018,36.50999832
20-04-2018,36.00999832
23-04-2018,36.08000183
24-04-2018,35.70000076
25-04-2018,35.49000168
26-04-2018,34.93999863
27-04-2018,35.04000092
30-04-2018,34.43999863
01-05-2018,34.47000122
02-05-2018,34.43000031
03-05-2018,34.04999924
04-05-2018,34.09999847
07-05-2018,34.52999878
08-05-2018,35.40000153
09-05-2018,34.29000092
10-05-2018,33.90000153
11-05-2018,33.25
14-05-2018,32.95999908
15-05-2018,33.40000153
16-05-2018,33.72999954
17-05-2018,33.38999939
18-05-2018,33.06999969
21-05-2018,33.34999847
22-05-2018,33.33000183
23-05-2018,32.75999832
24-05-2018,32.72999954
25-05-2018,32.45999908
29-05-2018,32.66999817
30-05-2018,33.45000076
31-05-2018,33
01-06-2018,33.15000153
04-06-2018,33.52999878
05-06-2018,33.90999985
06-06-2018,34.11999893
07-06-2018,34.22000122
08-06-2018,34.72999954
11-06-2018,34.43999863
12-06-2018,34.40999985
13-06-2018,33.90000153
14-06-2018,33.63000107
15-06-2018,33.38000107
18-06-2018,33.59999847
19-06-2018,33.61999893
20-06-2018,33.99000168
21-06-2018,33.59999847
22-06-2018,33.49000168
25-06-2018,32.93000031
26-06-2018,33.16999817
27-06-2018,33.13000107
28-06-2018,32.79999924
29-06-2018,33.02999878
02-07-2018,32.72999954
03-07-2018,32.40000153
05-07-2018,32.68999863
06-07-2018,32.99000168
09-07-2018,33.18999863
10-07-2018,33.15000153
11-07-2018,32.36000061
12-07-2018,32.34000015
13-07-2018,32.56999969
16-07-2018,32.09000015
17-07-2018,32.40999985
18-07-2018,32.90999985
19-07-2018,33.16999817
20-07-2018,32.61000061
23-07-2018,32.59999847
24-07-2018,32.52000046
25-07-2018,32.77000046
26-07-2018,32.77000046
27-07-2018,32.52999878
30-07-2018,32.86000061
31-07-2018,33.56000137
01-08-2018,33.38000107
02-08-2018,33.56999969
03-08-2018,33.63999939
06-08-2018,34.31000137
07-08-2018,33.15000153
08-08-2018,33.93000031
09-08-2018,33.72999954
10-08-2018,33.63000107
13-08-2018,32.65999985
14-08-2018,32.93000031
15-08-2018,32.11999893
16-08-2018,32.68000031
17-08-2018,32.90999985
20-08-2018,33.13000107
21-08-2018,33.52000046
22-08-2018,33.63000107
23-08-2018,33.49000168
24-08-2018,33.52000046
27-08-2018,33.56999969
28-08-2018,33.65000153
29-08-2018,33.93000031
30-08-2018,33.54999924
31-08-2018,33.63999939
04-09-2018,33
05-09-2018,33.25999832
06-09-2018,33.02000046
07-09-2018,32.79000092
10-09-2018,32.75
11-09-2018,32.24000168
12-09-2018,32.22999954
13-09-2018,32.31000137
14-09-2018,32.43999863
17-09-2018,32.59000015
18-09-2018,32.65000153
19-09-2018,32.74000168
20-09-2018,33.00999832
21-09-2018,33.02999878
24-09-2018,32.84000015
25-09-2018,32.70999908
26-09-2018,32.50999832
27-09-2018,32.61999893
28-09-2018,32.65999985
01-10-2018,32.77999878
02-10-2018,32.84000015
03-10-2018,32.77000046
04-10-2018,32.72999954
05-10-2018,32.45999908
08-10-2018,32.43999863
09-10-2018,32.36000061
10-10-2018,31.93000031
11-10-2018,30.79000092
12-10-2018,30.75
15-10-2018,30.90999985
16-10-2018,31.65999985
17-10-2018,31.54999924
18-10-2018,31.05999947
19-10-2018,31.13999939
22-10-2018,31.04999924
23-10-2018,30.98999977
24-10-2018,29.96999931
25-10-2018,30.39999962
26-10-2018,30.12999916
29-10-2018,29.77000046
30-10-2018,29.46999931
31-10-2018,29.13999939
01-11-2018,30.38999939
02-11-2018,30.86000061
05-11-2018,32
06-11-2018,32.68999863
07-11-2018,33.58000183
08-11-2018,33.47999954
09-11-2018,32.72000122
12-11-2018,30.97999954
13-11-2018,31.44000053
14-11-2018,32.49000168
15-11-2018,34.15999985
16-11-2018,32.93999863
19-11-2018,32.22999954
20-11-2018,30.79000092
21-11-2018,31.53000069
23-11-2018,31.70999908
26-11-2018,32.86000061
27-11-2018,32.13000107
28-11-2018,31.57999992
29-11-2018,31.40999985
30-11-2018,32.15999985
03-12-2018,31.5
04-12-2018,30.11000061
06-12-2018,29.44000053
07-12-2018,28.57999992
10-12-2018,28.12999916
11-12-2018,28.13999939
12-12-2018,28.64999962
13-12-2018,28.29000092
14-12-2018,27.90999985
17-12-2018,27.5
18-12-2018,27.17000008
19-12-2018,26.62000084
20-12-2018,25.96999931
21-12-2018,25.34000015
24-12-2018,24.92000008
26-12-2018,26.37000084
27-12-2018,26.31999969
28-12-2018,26.25
31-12-2018,26.5
02-01-2019,26.87999916
03-01-2019,26.37000084
04-01-2019,27.73999977
07-01-2019,28.27000046
08-01-2019,28.61000061
09-01-2019,28.80999947
10-01-2019,29.27000046
11-01-2019,29.19000053
14-01-2019,29.15999985
15-01-2019,29.05999947
16-01-2019,29.14999962
17-01-2019,29.20000076
18-01-2019,30.15999985
22-01-2019,29.64999962
23-01-2019,29.56999969
24-01-2019,30.01000023
25-01-2019,30.54999924
28-01-2019,30.20000076
29-01-2019,30.12000084
30-01-2019,30.32999992
31-01-2019,30.61000061
01-02-2019,30.39999962
04-02-2019,31.03000069
05-02-2019,30.17000008
06-02-2019,30.07999992
07-02-2019,28.89999962
08-02-2019,28.79999924
11-02-2019,29.06999969
12-02-2019,29.87999916
13-02-2019,30.12999916
14-02-2019,30.04999924
15-02-2019,30.44000053
19-02-2019,30.52000046
20-02-2019,30.97999954
21-02-2019,30.90999985
22-02-2019,31.14999962
25-02-2019,31.21999931
26-02-2019,30.87000084
27-02-2019,30.79000092
28-02-2019,30.95999908
01-03-2019,31.53000069
04-03-2019,31.29000092
05-03-2019,30.98999977
06-03-2019,30.51000023
07-03-2019,30.17000008
08-03-2019,30.12999916
11-03-2019,30.37999916
12-03-2019,30.29999924
13-03-2019,30.38999939
14-03-2019,30.31999969
15-03-2019,30.31999969
18-03-2019,30.5
19-03-2019,30.26000023
20-03-2019,30.02000046
21-03-2019,30.07999992
22-03-2019,29.36000061
25-03-2019,29.46999931
26-03-2019,29.52000046
27-03-2019,29.14999962
28-03-2019,29.51000023
29-03-2019,29.67000008
01-04-2019,30.63999939
02-04-2019,30.51000023
03-04-2019,30.54999924
04-04-2019,30.97999954
05-04-2019,31.25
08-04-2019,31.44000053
09-04-2019,30.84000015
10-04-2019,31.14999962
11-04-2019,31.52000046
12-04-2019,31.98999977
15-04-2019,32.13999939
16-04-2019,32.36999893
17-04-2019,32.5
18-04-2019,32.79000092
22-04-2019,32.81000137
23-04-2019,33.56999969
24-04-2019,33.79999924
25-04-2019,32.95999908
26-04-2019,33.15000153
29-04-2019,33.22000122
30-04-2019,33.90000153
01-05-2019,33.47000122
02-05-2019,33.11000061
03-05-2019,33.61999893
06-05-2019,33.68000031
07-05-2019,33.11000061
08-05-2019,33.74000168
09-05-2019,33.86000061
10-05-2019,33.74000168
13-05-2019,32.93999863
14-05-2019,33.20999908
15-05-2019,33.18000031
16-05-2019,33.29000092
17-05-2019,32.84000015
20-05-2019,32.75
21-05-2019,32.99000168
22-05-2019,32.27999878
23-05-2019,31.55999947
24-05-2019,31.55999947
28-05-2019,31.23999977
29-05-2019,31.21999931
30-05-2019,31.43000031
31-05-2019,31.89999962
03-06-2019,32.33000183
04-06-2019,33.16999817
05-06-2019,33.29000092
06-06-2019,33.18000031
07-06-2019,33.47000122
10-06-2019,33.45000076
11-06-2019,33.43000031
12-06-2019,33.20000076
13-06-2019,33.41999817
14-06-2019,33.40000153
17-06-2019,35.16999817
18-06-2019,35.81999969
19-06-2019,36.54000092
20-06-2019,36.72999954
21-06-2019,36.59999847
24-06-2019,36.54000092
25-06-2019,36.59000015
26-06-2019,36.86999893
27-06-2019,37.41999817
28-06-2019,37.84999847
01-07-2019,37.77999878
02-07-2019,37.38999939
03-07-2019,37.45999908
05-07-2019,37.29000092
08-07-2019,36.95000076
09-07-2019,37
10-07-2019,36.79999924
11-07-2019,36.68000031
12-07-2019,37.36999893
15-07-2019,37.36000061
16-07-2019,37.36000061
17-07-2019,36.93999863
18-07-2019,36.5
19-07-2019,36.50999832
22-07-2019,36.02000046
23-07-2019,36.43999863
24-07-2019,36.86000061
25-07-2019,36.65000153
26-07-2019,36.88000107
29-07-2019,36.68000031
30-07-2019,36.75999832
31-07-2019,35.95000076
01-08-2019,34.91999817
02-08-2019,34.40000153
05-08-2019,33.43999863
06-08-2019,33.40000153
07-08-2019,33.47000122
08-08-2019,34.43999863
09-08-2019,33.90999985
12-08-2019,33.22000122
13-08-2019,33.58000183
14-08-2019,32.47999954
15-08-2019,32.43999863
16-08-2019,32.93999863
19-08-2019,33.93999863
20-08-2019,33.75
21-08-2019,33.81999969
22-08-2019,33.59999847
23-08-2019,33.40000153
26-08-2019,33.70000076
27-08-2019,33.18000031
28-08-2019,33.63999939
29-08-2019,35.18000031
30-08-2019,35.47999954
03-09-2019,34.91999817
04-09-2019,36.13000107
05-09-2019,37.08000183
06-09-2019,37.52999878
09-09-2019,38.24000168
10-09-2019,38
11-09-2019,38.38999939
12-09-2019,38.02999878
13-09-2019,37.79999924
16-09-2019,38.13999939
17-09-2019,38.43000031
18-09-2019,38.31000137
19-09-2019,37.86999893
20-09-2019,37.56000137
23-09-2019,37.61999893
24-09-2019,37.20999908
25-09-2019,37.47999954
26-09-2019,37.45000076
27-09-2019,37.29000092
30-09-2019,37.56000137
01-10-2019,36.70000076
02-10-2019,36.08000183
03-10-2019,36.40000153
04-10-2019,36.95999908
07-10-2019,36.79000092
08-10-2019,36.29999924
09-10-2019,36.59999847
10-10-2019,36.81999969
11-10-2019,37.15999985
14-10-2019,39.5
15-10-2019,40.09999847
16-10-2019,40.54999924
17-10-2019,41.08000183
18-10-2019,41.06000137
21-10-2019,41.02999878
22-10-2019,40.93999863
23-10-2019,40.83000183
24-10-2019,40.59000015
25-10-2019,40.36999893
28-10-2019,40.56000137
29-10-2019,40.90000153
30-10-2019,40.88999939
31-10-2019,40.00999832
01-11-2019,40.86999893
04-11-2019,41.61000061
05-11-2019,42.20999908
06-11-2019,41.99000168
07-11-2019,42.22999954
08-11-2019,42.43999863
11-11-2019,43
12-11-2019,43.11000061
13-11-2019,42.24000168
14-11-2019,43.50999832
15-11-2019,43.18999863
18-11-2019,42.65000153
19-11-2019,42.59000015
20-11-2019,42.63999939
21-11-2019,42.40999985
22-11-2019,42.65999985
25-11-2019,42.95999908
26-11-2019,42.86000061
27-11-2019,43.84000015
29-11-2019,43.33000183
02-12-2019,42.65000153
03-12-2019,42.50999832
04-12-2019,41.93000031
05-12-2019,41.97000122
06-12-2019,42.15000153
09-12-2019,42.29999924
10-12-2019,42.68999863
11-12-2019,42.81999969
12-12-2019,43.34999847
13-12-2019,42.88000107
16-12-2019,43.06000137
17-12-2019,43.25999832
18-12-2019,42.88999939
19-12-2019,43.02000046
20-12-2019,43.59000015
23-12-2019,43.84000015
24-12-2019,43.29000092
26-12-2019,43.59999847
27-12-2019,43.15999985
30-12-2019,43.36999893
31-12-2019,43.13000107
02-01-2020,42.97999954
03-01-2020,42.81999969
06-01-2020,42.75
07-01-2020,43.09999847
08-01-2020,43.72999954
09-01-2020,45.86000061
10-01-2020,46.15999985
13-01-2020,47.08000183
14-01-2020,49.74000168
15-01-2020,49.41999817
16-01-2020,50.27000046
17-01-2020,50.33000183
21-01-2020,49.81000137
22-01-2020,49.58000183
23-01-2020,49.88000107
24-01-2020,49.65999985
27-01-2020,48.81999969
28-01-2020,49.22000122
29-01-2020,49.47000122
30-01-2020,49.29999924
31-01-2020,48.22999954
03-02-2020,47.59999847
04-02-2020,47.47999954
05-02-2020,47.58000183
06-02-2020,47.70000076
07-02-2020,47.09999847
10-02-2020,47.18000031
11-02-2020,47.36000061
12-02-2020,47.79999924
13-02-2020,47.84000015
14-02-2020,47.79000092
18-02-2020,47.24000168
19-02-2020,50.75
20-02-2020,51.36999893
21-02-2020,51.91999817
24-02-2020,50.49000168
25-02-2020,49.00999832
26-02-2020,47.86000061
27-02-2020,46.11000061
28-02-2020,44.93999863
02-03-2020,45.65000153
03-03-2020,47.66999817
04-03-2020,49.97999954
05-03-2020,47.22999954
06-03-2020,44.77999878
09-03-2020,38.52999878
10-03-2020,39.43000031
11-03-2020,36.40000153
12-03-2020,30.85000038
13-03-2020,33.40000153
16-03-2020,27.76000023
17-03-2020,27.93000031
18-03-2020,23.81999969
19-03-2020,25.60000038
20-03-2020,25.54999924
23-03-2020,24.52000046
24-03-2020,25.86000061
25-03-2020,27.05999947
26-03-2020,29.63999939
27-03-2020,28.75
30-03-2020,28.57999992
31-03-2020,29.85000038
01-04-2020,27.19000053
